﻿<?xml version="1.0" encoding="utf-8"?>
<Elements xmlns="http://schemas.microsoft.com/sharepoint/">
  <ClientWebPart Name="PPMFinancialValuesAppPart" Title="PPMFinancialValuesAppPart" Description="PPMFinancialValuesAppPart Description" DefaultWidth="1500" DefaultHeight="800">

    <!-- Content element identifies the location of the page that will render inside the client web part
         Properties are referenced on the query string using the pattern _propertyName_
         Example: Src="~appWebUrl/Pages/ClientWebPart1.aspx?Property1=_property1_" -->
    <Content Type="html" Src="~appWebUrl/Pages/FinancialValuesAppPartPage.aspx?{StandardTokens}&amp;component=financialValues&amp;wpId=_WPID_&amp;financialTemplateName=_financialTemplateName_&amp;editGranularity=_editGranularity_&amp;areDatesMapped=_areDatesMapped_&amp;startDateCFGuid=_startDateCFGuid_&amp;endDateCFGuid=_endDateCFGuid_&amp;isGridEditable=_isGridEditable_&amp;isGridCollapsed=_isGridCollapsed_&amp;isSnapshotEnabled=_isSnapshotEnabled_" />

    <!-- Define properties in the Properties element.
         Remember to put Property Name on the Src attribute of the Content element above. -->
    <Properties>
      <Property
          Name="financialTemplateName"
          Type="string"
          RequiresDesignerPermission="true"
          DefaultValue="Default Template"
          WebCategory="Financial Properties"
          WebDisplayName="Template Name">
      </Property>
      <Property
        Name="isGridEditable"
        Type="boolean"
        RequiresDesignerPermission="true"
        DefaultValue="true"
        WebCategory="Financial Properties"
        WebDisplayName="Is Grid Editable">
      </Property>
      <Property
       Name="isGridCollapsed"
       Type="boolean"
       RequiresDesignerPermission="true"
       DefaultValue="true"
       WebCategory="Financial Properties"
       WebDisplayName="Is Grid Collapsed">
      </Property>
      <Property
            Name="isSnapshotEnabled"
            Type="boolean"
            RequiresDesignerPermission="true"
            DefaultValue="false"
            WebCategory="Financial Properties"
            WebDisplayName="Show Snapshot Button">
      </Property>
      <Property
         Name="editGranularity"
         Type="enum"
         RequiresDesignerPermission="true"
         DefaultValue="Months"
         WebCategory="Financial Properties"
         WebDisplayName="Edit Timescale">
        <EnumItems>
          <EnumItem WebDisplayName="Lifetime" Value="Lifetime"/>
          <EnumItem WebDisplayName="Years" Value="Years"/>
          <EnumItem WebDisplayName="Quarters" Value="Quarters"/>
          <EnumItem WebDisplayName="Months" Value="Months"/>
        </EnumItems>
      </Property>

      <Property
        Name="areDatesMapped"
        Type="boolean"
        RequiresDesignerPermission="true"
        DefaultValue="false"
        WebCategory="Financial Timescale Properties"
        WebDisplayName=" Are Dates Mapped">
      </Property>

      <Property
         Name="startDateCFGuid"
         Type="string"
         RequiresDesignerPermission="true"
         DefaultValue=""
         WebCategory="Financial Timescale Properties"
         WebDisplayName=" Start Date Guid">
      </Property>

      <Property
         Name="endDateCFGuid"
         Type="string"
         RequiresDesignerPermission="true"
         DefaultValue=""
         WebCategory="Financial Timescale Properties"
         WebDisplayName="End Date Guid">
      </Property>
    </Properties>
  </ClientWebPart>
</Elements>
