﻿<?xml version="1.0" encoding="utf-8"?>
<Elements xmlns="http://schemas.microsoft.com/sharepoint/">
  <Module Name="Scripts">
    <File Path="Scripts\npm_libs\core-js\shim.js" Url="Scripts/npm_libs/core-js/shim.js" ReplaceContent="TRUE" />
    <File Path="Scripts\npm_libs\core-js\client\core.js" Url="Scripts/npm_libs/core-js/client/core.js" ReplaceContent="TRUE" />
    <File Path="Scripts\npm_libs\core-js\client\core.min.js" Url="Scripts/npm_libs/core-js/client/core.min.js" ReplaceContent="TRUE" />
    <File Path="Scripts\npm_libs\core-js\client\library.js" Url="Scripts/npm_libs/core-js/client/library.js" ReplaceContent="TRUE" />
    <File Path="Scripts\npm_libs\core-js\client\library.min.js" Url="Scripts/npm_libs/core-js/client/library.min.js" ReplaceContent="TRUE" />
    <File Path="Scripts\npm_libs\core-js\client\shim.js" Url="Scripts/npm_libs/core-js/client/shim.js" ReplaceContent="TRUE" />
    <File Path="Scripts\npm_libs\core-js\client\shim.min.js" Url="Scripts/npm_libs/core-js/client/shim.min.js" ReplaceContent="TRUE" />
    <File Path="Scripts\npm_libs\zone.js\dist\async-test.js" Url="Scripts/npm_libs/zone.js/dist/async-test.js" ReplaceContent="TRUE" />
    <File Path="Scripts\npm_libs\zone.js\dist\fake-async-test.js" Url="Scripts/npm_libs/zone.js/dist/fake-async-test.js" ReplaceContent="TRUE" />
    <File Path="Scripts\npm_libs\zone.js\dist\jasmine-patch.js" Url="Scripts/npm_libs/zone.js/dist/jasmine-patch.js" ReplaceContent="TRUE" />
    <File Path="Scripts\npm_libs\zone.js\dist\jasmine-patch.min.js" Url="Scripts/npm_libs/zone.js/dist/jasmine-patch.min.js" ReplaceContent="TRUE" />
    <File Path="Scripts\npm_libs\zone.js\dist\long-stack-trace-zone.js" Url="Scripts/npm_libs/zone.js/dist/long-stack-trace-zone.js" ReplaceContent="TRUE" />
    <File Path="Scripts\npm_libs\zone.js\dist\long-stack-trace-zone.min.js" Url="Scripts/npm_libs/zone.js/dist/long-stack-trace-zone.min.js" ReplaceContent="TRUE" />
    <File Path="Scripts\npm_libs\zone.js\dist\mocha-patch.js" Url="Scripts/npm_libs/zone.js/dist/mocha-patch.js" ReplaceContent="TRUE" />
    <File Path="Scripts\npm_libs\zone.js\dist\mocha-patch.min.js" Url="Scripts/npm_libs/zone.js/dist/mocha-patch.min.js" ReplaceContent="TRUE" />
    <File Path="Scripts\npm_libs\zone.js\dist\proxy.js" Url="Scripts/npm_libs/zone.js/dist/proxy.js" ReplaceContent="TRUE" />
    <File Path="Scripts\npm_libs\zone.js\dist\proxy.min.js" Url="Scripts/npm_libs/zone.js/dist/proxy.min.js" ReplaceContent="TRUE" />
    <File Path="Scripts\npm_libs\zone.js\dist\sync-test.js" Url="Scripts/npm_libs/zone.js/dist/sync-test.js" ReplaceContent="TRUE" />
    <File Path="Scripts\npm_libs\zone.js\dist\task-tracking.js" Url="Scripts/npm_libs/zone.js/dist/task-tracking.js" ReplaceContent="TRUE" />
    <File Path="Scripts\npm_libs\zone.js\dist\task-tracking.min.js" Url="Scripts/npm_libs/zone.js/dist/task-tracking.min.js" ReplaceContent="TRUE" />
    <File Path="Scripts\npm_libs\zone.js\dist\web-api.js" Url="Scripts/npm_libs/zone.js/dist/web-api.js" ReplaceContent="TRUE" />
    <File Path="Scripts\npm_libs\zone.js\dist\webapis-media-query.js" Url="Scripts/npm_libs/zone.js/dist/webapis-media-query.js" ReplaceContent="TRUE" />
    <File Path="Scripts\npm_libs\zone.js\dist\webapis-media-query.min.js" Url="Scripts/npm_libs/zone.js/dist/webapis-media-query.min.js" ReplaceContent="TRUE" />
    <File Path="Scripts\npm_libs\zone.js\dist\webapis-notification.js" Url="Scripts/npm_libs/zone.js/dist/webapis-notification.js" ReplaceContent="TRUE" />
    <File Path="Scripts\npm_libs\zone.js\dist\webapis-notification.min.js" Url="Scripts/npm_libs/zone.js/dist/webapis-notification.min.js" ReplaceContent="TRUE" />
    <File Path="Scripts\npm_libs\zone.js\dist\wtf.js" Url="Scripts/npm_libs/zone.js/dist/wtf.js" ReplaceContent="TRUE" />
    <File Path="Scripts\npm_libs\zone.js\dist\wtf.min.js" Url="Scripts/npm_libs/zone.js/dist/wtf.min.js" ReplaceContent="TRUE" />
    <File Path="Scripts\npm_libs\zone.js\dist\zone-bluebird.js" Url="Scripts/npm_libs/zone.js/dist/zone-bluebird.js" ReplaceContent="TRUE" />
    <File Path="Scripts\npm_libs\zone.js\dist\zone-bluebird.min.js" Url="Scripts/npm_libs/zone.js/dist/zone-bluebird.min.js" ReplaceContent="TRUE" />
    <File Path="Scripts\npm_libs\zone.js\dist\zone-mix.js" Url="Scripts/npm_libs/zone.js/dist/zone-mix.js" ReplaceContent="TRUE" />
    <File Path="Scripts\npm_libs\zone.js\dist\zone-node.js" Url="Scripts/npm_libs/zone.js/dist/zone-node.js" ReplaceContent="TRUE" />
    <File Path="Scripts\npm_libs\zone.js\dist\zone.js" Url="Scripts/npm_libs/zone.js/dist/zone.js" ReplaceContent="TRUE" />
    <File Path="Scripts\npm_libs\zone.js\dist\zone.min.js" Url="Scripts/npm_libs/zone.js/dist/zone.min.js" ReplaceContent="TRUE" />
    <File Path="Scripts\npm_libs\es6-shim.min.js" Url="Scripts/npm_libs/es6-shim.min.js" ReplaceContent="TRUE" />
    <File Path="Scripts\jquery-3.1.1.slim.min.map" Url="Scripts/jquery-3.1.1.slim.min.map" ReplaceContent="TRUE" />
    <File Path="Scripts\jquery-3.1.1.slim.min.js" Url="Scripts/jquery-3.1.1.slim.min.js" ReplaceContent="TRUE" />
    <File Path="Scripts\jquery-3.1.1.slim.js" Url="Scripts/jquery-3.1.1.slim.js" ReplaceContent="TRUE" />
    <File Path="Scripts\jquery-3.1.1.min.map" Url="Scripts/jquery-3.1.1.min.map" ReplaceContent="TRUE" />
    <File Path="Scripts\jquery-3.1.1.min.js" Url="Scripts/jquery-3.1.1.min.js" ReplaceContent="TRUE" />
    <File Path="Scripts\jquery-3.1.1.js" Url="Scripts/jquery-3.1.1.js" ReplaceContent="TRUE" />
    <File Path="Scripts\jquery-3.1.1.intellisense.js" Url="Scripts/jquery-3.1.1.intellisense.js" ReplaceContent="TRUE" />
    <File Path="Scripts\bootstrap.min.js" Url="Scripts/bootstrap.min.js" ReplaceContent="TRUE" />
    <File Path="Scripts\bootstrap.js" Url="Scripts/bootstrap.js" ReplaceContent="TRUE" />
    <File Path="Scripts\ppmFinancialApp.js" Url="Scripts/ppmFinancialApp.js" ReplaceContent="TRUE" />
    <File Path="Scripts\helper\financialsHelper.js" Url="Scripts/helper/financialsHelper.js" ReplaceContent="TRUE" />
    <File Path="Scripts\helper\editFormfinancialsHelper.js" Url="Scripts/helper/editFormfinancialsHelper.js" ReplaceContent="TRUE" />
    <File Path="Scripts\npm_libs\core-js\client\shims_for_IE2.1.2.js" Url="Scripts/npm_libs/core-js/client/shims_for_IE2.1.2.js" ReplaceContent="TRUE" />
    <File Path="Scripts\npm_libs\Intl.min.js" Url="Scripts/npm_libs/Intl.min.js" ReplaceContent="TRUE" />
    <File Path="Scripts\npm_libs\en.js" Url="Scripts/npm_libs/en.js" ReplaceContent="TRUE" />
    <File Path="Scripts\appbundle.js" Url="Scripts/appbundle.js" ReplaceContent="TRUE" />
    <File Path="Scripts\npm_libs\moment-with-locales.min.js" Url="Scripts/npm_libs/moment-with-locales.min.js" ReplaceContent="TRUE" />
    <File Path="Scripts\npm_libs\fr.js" Url="Scripts/npm_libs/fr.js" ReplaceContent="TRUE" />
    <File Path="Scripts\npm_libs\moment-fquarter.min.js" Url="Scripts/npm_libs/moment-fquarter.min.js" ReplaceContent="TRUE" />
  </Module>
</Elements>