﻿<?xml version="1.0" encoding="utf-8"?>
<Elements xmlns="http://schemas.microsoft.com/sharepoint/">
  <Module Name="Content">
    <File Path="Content\bootstrap.min.css.map" Url="Content/bootstrap.min.css.map" ReplaceContent="TRUE" />
    <File Path="Content\bootstrap.min.css" Url="Content/bootstrap.min.css" ReplaceContent="TRUE" />
    <File Path="Content\bootstrap.css.map" Url="Content/bootstrap.css.map" ReplaceContent="TRUE" />
    <File Path="Content\bootstrap.css" Url="Content/bootstrap.css" ReplaceContent="TRUE" />
    <File Path="Content\bootstrap-theme.min.css.map" Url="Content/bootstrap-theme.min.css.map" ReplaceContent="TRUE" />
    <File Path="Content\bootstrap-theme.min.css" Url="Content/bootstrap-theme.min.css" ReplaceContent="TRUE" />
    <File Path="Content\bootstrap-theme.css.map" Url="Content/bootstrap-theme.css.map" ReplaceContent="TRUE" />
    <File Path="Content\bootstrap-theme.css" Url="Content/bootstrap-theme.css" ReplaceContent="TRUE" />
    <File Path="Content\fonts\fontawesome-webfont.eot" Url="Content/fonts/fontawesome-webfont.eot" ReplaceContent="TRUE" />
    <File Path="Content\fonts\fontawesome-webfont.ttf" Url="Content/fonts/fontawesome-webfont.ttf" ReplaceContent="TRUE" />
    <File Path="Content\fonts\fontawesome-webfont.woff" Url="Content/fonts/fontawesome-webfont.woff" ReplaceContent="TRUE" />
    <File Path="Content\fonts\fontawesome-webfont.woff2" Url="Content/fonts/fontawesome-webfont.woff2" ReplaceContent="TRUE" />
    <File Path="Content\fonts\glyphicons-halflings-regular.eot" Url="Content/fonts/glyphicons-halflings-regular.eot" ReplaceContent="TRUE" />
    <File Path="Content\fonts\glyphicons-halflings-regular.ttf" Url="Content/fonts/glyphicons-halflings-regular.ttf" ReplaceContent="TRUE" />
    <File Path="Content\fonts\glyphicons-halflings-regular.woff" Url="Content/fonts/glyphicons-halflings-regular.woff" ReplaceContent="TRUE" />
    <File Path="Content\fonts\glyphicons-halflings-regular.woff2" Url="Content/fonts/glyphicons-halflings-regular.woff2" ReplaceContent="TRUE" />
    <File Path="Content\Styles\primeng\themes\theme.css" Url="Content/Styles/primeng/themes/theme.css" ReplaceContent="TRUE" />
    <File Path="Content\Styles\primeng\primeng.min.css" Url="Content/Styles/primeng/primeng.min.css" ReplaceContent="TRUE" />
    <File Path="Content\Styles\font-awesome\css\font-awesome.min.css" Url="Content/Styles/font-awesome/css/font-awesome.min.css" ReplaceContent="TRUE" />
    <File Path="Content\Styles\primeng\themes\theme.scss" Url="Content/Styles/primeng/themes/theme.scss" ReplaceContent="TRUE" />
    <File Path="Content\Styles\primeng\themes\theme.css.map" Url="Content/Styles/primeng/themes/theme.css.map" ReplaceContent="TRUE" />
    <File Path="Content\Styles\ppm-financial-app.css" Url="Content/Styles/ppm-financial-app.css" ReplaceContent="TRUE" />
    <File Path="Content\Styles\financial-template.css" Url="Content/Styles/financial-template.css" ReplaceContent="TRUE" />
    <File Path="Content\Styles\financial-values.css" Url="Content/Styles/financial-values.css" ReplaceContent="TRUE" />
    <File Path="Content\images\importFileFormatInfo.png" Url="Content/images/importFileFormatInfo.png" ReplaceContent="TRUE" />
  </Module>
</Elements>