﻿<?xml version="1.0" encoding="utf-8" ?>
<!--Created:cb85b80c-f585-40ff-8bfc-12ff4d0e34a9-->
<App xmlns="http://schemas.microsoft.com/sharepoint/2012/app/manifest"
     Name="EYPPMFinancialApp"
     ProductID="{35a82132-9194-4a9c-a61a-ea6b098ce352}"
     Version="0.2.5.87"
     SharePointMinVersion="16.0.0.0"
>
  <Properties>
    <Title>EY.PPMFinancialApp</Title>
    <StartPage>~appWebUrl/Pages/Default.aspx?{StandardTokens}</StartPage>
  </Properties>

  <AppPrincipal>
    <Internal />
  </AppPrincipal>
  <AppPermissionRequests>
    <AppPermissionRequest Scope="http://sharepoint/content/sitecollection" Right="FullControl" />
    <AppPermissionRequest Scope="http://sharepoint/content/sitecollection/web" Right="FullControl" />
    <AppPermissionRequest Scope="http://sharepoint/projectserver/projects" Right="Read" />
    <AppPermissionRequest Scope="http://sharepoint/projectserver/reporting" Right="Read" />
    <AppPermissionRequest Scope="http://sharepoint/projectserver" Right="Manage" />
    <AppPermissionRequest Scope="http://sharepoint/projectserver/enterpriseresources" Right="Read" />
  </AppPermissionRequests>
</App>
