<?xml version="1.0" encoding="utf-8"?>
<Elements xmlns="http://schemas.microsoft.com/sharepoint/">
  <Module Name="RootModule">
    <File Path="package.json" Url="package.json" ReplaceContent="TRUE" />
    <File Path="gulpfile.js" Url="gulpfile.js" ReplaceContent="TRUE" />
    <File Path="app\app.component.ts" Url="app/app.component.ts" ReplaceContent="TRUE" />
    <File Path="app\app.module.ts" Url="app/app.module.ts" ReplaceContent="TRUE" />
    <File Path="app\main.ts" Url="app/main.ts" ReplaceContent="TRUE" />
    <File Path="app\tsconfig.json" Url="app/tsconfig.json" ReplaceContent="TRUE" />
    <File Path="fonts\glyphicons-halflings-regular.woff2" Url="fonts/glyphicons-halflings-regular.woff2" ReplaceContent="TRUE" />
    <File Path="fonts\glyphicons-halflings-regular.woff" Url="fonts/glyphicons-halflings-regular.woff" ReplaceContent="TRUE" />
    <File Path="fonts\glyphicons-halflings-regular.ttf" Url="fonts/glyphicons-halflings-regular.ttf" ReplaceContent="TRUE" />
    <File Path="fonts\glyphicons-halflings-regular.eot" Url="fonts/glyphicons-halflings-regular.eot" ReplaceContent="TRUE" />
    <File Path="app\shared\message-row.component.ts" Url="app/shared/message-row.component.ts" ReplaceContent="TRUE" />
    <File Path="app\shared\app-settings.ts" Url="app/shared/app-settings.ts" ReplaceContent="TRUE" />
    <File Path="app\shared\financial-shared.module.ts" Url="app/shared/financial-shared.module.ts" ReplaceContent="TRUE" />
    <File Path="app\shared\utils.ts" Url="app/shared/utils.ts" ReplaceContent="TRUE" />
    <File Path="app\core\core.module.ts" Url="app/core/core.module.ts" ReplaceContent="TRUE" />
    <File Path="app\core\sharepoint.service.ts" Url="app/core/sharepoint.service.ts" ReplaceContent="TRUE" />
    <File Path="app\shared\model\message-row.model.ts" Url="app/shared/model/message-row.model.ts" ReplaceContent="TRUE" />
    <File Path="app\financial_template\financial-template.module.ts" Url="app/financial_template/financial-template.module.ts" ReplaceContent="TRUE" />
    <File Path="app\financial_template\financial-template.component.ts" Url="app/financial_template/financial-template.component.ts" ReplaceContent="TRUE" />
    <File Path="app\shared\model\financial-template.model.ts" Url="app/shared/model/financial-template.model.ts" ReplaceContent="TRUE" />
    <File Path="app\shared\model\financial-node.model.ts" Url="app/shared/model/financial-node.model.ts" ReplaceContent="TRUE" />
    <File Path="app\financial_values\financial-values.component.ts" Url="app/financial_values/financial-values.component.ts" ReplaceContent="TRUE" />
    <File Path="app\financial_values\financial-values.module.ts" Url="app/financial_values/financial-values.module.ts" ReplaceContent="TRUE" />
    <File Path="app\shared\model\simple-financial-node.model.ts" Url="app/shared/model/simple-financial-node.model.ts" ReplaceContent="TRUE" />
    <File Path="app\shared\model\flat-financial-grid-row.model.ts" Url="app/shared/model/flat-financial-grid-row.model.ts" ReplaceContent="TRUE" />
    <File Path="app\shared\model\financial-value.model.ts" Url="app/shared/model/financial-value.model.ts" ReplaceContent="TRUE" />
    <File Path="app\shared\model\granularity-cell.model.ts" Url="app/shared/model/granularity-cell.model.ts" ReplaceContent="TRUE" />
    <File Path="app\financial_values\force-update-financial-values.component.ts" Url="app/financial_values/force-update-financial-values.component.ts" ReplaceContent="TRUE" />
    <File Path="app\shared\model\financial-update-tracker.model.ts" Url="app/shared/model/financial-update-tracker.model.ts" ReplaceContent="TRUE" />
    <File Path="app\core\financial-value.service.ts" Url="app/core/financial-value.service.ts" ReplaceContent="TRUE" />
    <File Path="app\financial_values\import-export-financial-values.component.ts" Url="app/financial_values/import-export-financial-values.component.ts" ReplaceContent="TRUE" />
    <File Path="app\shared\model\financial-grid-row.model.ts" Url="app/shared/model/financial-grid-row.model.ts" ReplaceContent="TRUE" />
    <File Path="app\shared\model\financial-values-structure.model.ts" Url="app/shared/model/financial-values-structure.model.ts" ReplaceContent="TRUE" />
    <File Path="app\shared\model\granularity-value.model.ts" Url="app/shared/model/granularity-value.model.ts" ReplaceContent="TRUE" />
    <File Path="app\financial_values\granularity-handle\granularity-handler-strategy.ts" Url="app/financial_values/granularity-handle/granularity-handler-strategy.ts" ReplaceContent="TRUE" />
    <File Path="app\financial_values\granularity-handle\lifetime-granularity-handler.ts" Url="app/financial_values/granularity-handle/lifetime-granularity-handler.ts" ReplaceContent="TRUE" />
    <File Path="app\financial_values\granularity-handle\years-granularity-handler.ts" Url="app/financial_values/granularity-handle/years-granularity-handler.ts" ReplaceContent="TRUE" />
    <File Path="app\financial_values\granularity-handle\months-granularity-handler.ts" Url="app/financial_values/granularity-handle/months-granularity-handler.ts" ReplaceContent="TRUE" />
    <File Path="app\financial_values\granularity-handle\quarters-granularity-handler.ts" Url="app/financial_values/granularity-handle/quarters-granularity-handler.ts" ReplaceContent="TRUE" />
    <File Path="app\financial_values\granularity-handle\granularity-handler-factory.ts" Url="app/financial_values/granularity-handle/granularity-handler-factory.ts" ReplaceContent="TRUE" />
    <File Path="app\shared\granularity-type.enum.ts" Url="app/shared/granularity-type.enum.ts" ReplaceContent="TRUE" />
    <File Path="app\shared\model\financial-timescale-property.model.ts" Url="app/shared/model/financial-timescale-property.model.ts" ReplaceContent="TRUE" />
    <File Path="app\shared\model\financial-grid-size-data.model.ts" Url="app/shared/model/financial-grid-size-data.model.ts" ReplaceContent="TRUE" />
    <File Path="app\shared\model\financial-grid-meta-data.model.ts" Url="app/shared/model/financial-grid-meta-data.model.ts" ReplaceContent="TRUE" />
    <File Path="app\shared\cf-map-aggregation-type.ts" Url="app/shared/cf-map-aggregation-type.ts" ReplaceContent="TRUE" />
    <File Path="app\financial_values\financial-timescale-update.component.ts" Url="app/financial_values/financial-timescale-update.component.ts" ReplaceContent="TRUE" />
    <File Path="app\financial_values\projectfinancial-values.component.ts" Url="app/financial_values/projectfinancial-values.component.ts" ReplaceContent="TRUE" />
  </Module>
</Elements>
